<c3p0-config>
	<default-config>
		<property name="jdbcUrl">jdbc:mysql://localhost:3306/jdbc_demo
		</property>
		<property name="driverClass">com.mysql.jdbc.Driver</property>
		<property name="user">root</property>
		<property name="password">root</property>
		<property name="initialPoolSize">3</property>
		<property name="maxPoolSize">6</property>
		<property name="maxIdleTime">1000</property>
	</default-config>


	<named-config name="oracle_config">
		<property name="jdbcUrl">jdbc:mysql://localhost:3306/jdbc_demo</property>
		<property name="driverClass">com.mysql.jdbc.Driver</property>
		<property name="user">root</property>
		<property name="password">root</property>
		<property name="initialPoolSize">3</property>
		<property name="maxPoolSize">6</property>
		<property name="maxIdleTime">1000</property>
	</named-config>


</c3p0-config>
